; https://google.com;;;
; https://yandex.ru;;;
; https://www.mail.ru;;;
; https://www.rambler.ru;;;
RSLA\BIBL\0000214413 ; http://www.nortfort.ru;1; HTTP/1.1 200 OK;
RSLA\BIBL\0000216977 ; http://artyx.ru/art/index.shtml$2Электронная версия ;0; HTTP/1.1 404 Not Found;
RSLA\BIBL\0000217636 ; http://other-art.rsuh.ru/links.html ;0; HTTP/1.1 404 Not Found;
RSLA\BIBL\0000217653 ; http://artyx.ru/about/search.shtml ;1; HTTP/1.1 200 OK;
RSLA\BIBL\0000217654 ; http://www.novayaopera.ru/ ;1; HTTP/1.0 200 OK;
RSLA\BIBL\0000217660 ; http://www.citywalls.ru/ ;1; HTTP/1.1 200 OK;
RSLA\BIBL\0000217662 ; http://www.citywalls.ru/journal/ ;1; HTTP/1.1 200 OK;
RSLA\BIBL\0000219002 ; http://www.theatre.ru/ ;1; HTTP/1.1 200 OK;
RSLA\BIBL\0000219125 ; http://www.artprojekt.ru ;1; HTTP/1.1 200 OK;
RSLA\BIBL\0000219643 ; http://nataturka.ru/ ;1; HTTP/1.1 200 OK;
RSLA\BIBL\0000220579 ; http://www.art.nnov.ru/archoteca/index.php ;0; ;
RSLA\BIBL\0000222623 ; http://www.rusarch.ru/ ;1; HTTP/1.1 200 OK;
RSLA\BIBL\0000222670 ; http://artchronika.ru ;1; HTTP/1.1 200 OK;
RSLA\BIBL\0000222677 ; http://www.theatre-library.ru/ ;1; HTTP/1.1 200 OK;
RSLA\BIBL\0000222725 ; http://www.kino-teatr.ru/ ;1; HTTP/1.1 200 OK;
RSLA\BIBL\0000222777 ; http://www.animator.ru ;1; HTTP/1.1 200 OK;
RSLA\BIBL\0000222992 ; http://tphv.ru ;1; HTTP/1.1 200 OK;
RSLA\BIBL\0000223028 ; http://www.icon-art.info ;1; HTTP/1.1 200 OK;
RSLA\BIBL\0000223313 ; http://www.burlington.org.uk/ ;1; HTTP/1.1 200 OK;
RSLA\BIBL\0000223693 ; http://www.artrz.ru/ ;1; HTTP/1.1 200 OK;
RSLA\BIBL\0000223880 ; http://www.lumiere-mag.ru/ ;1; HTTP/1.1 200 OK;
RSLA\BIBL\0000223905 ; http://www.sonata-etc.ru/main.html ;1; HTTP/1.1 200 OK;
RSLA\BIBL\0000223933 ; http://sovarch.ru ;1; HTTP/1.1 200 OK;
RSLA\BIBL\0000224052 ; http://vrubel-lermontov.ru ;1; HTTP/1.1 200 OK;
RSLA\BIBL\0000224066 ; http://www.operanews.ru/ ;1; HTTP/1.1 200 OK;
RSLA\BIBL\0000224175 ; http://virtualrm.spb.ru/ru/resources/edu ;1; HTTP/1.1 200 OK;
RSLA\BIBL\0000224186 ; http://www.virtualrm.spb.ru/ru/resources/edu ;1; HTTP/1.1 200 OK;
RSLA\BIBL\0000224195 ; http://www.virtualrm.spb.ru/historyofarts/sady/ ;1; HTTP/1.1 200 OK;
RSLA\BIBL\0000224230 ; http://www.artmanager.ru/ ;1; HTTP/1.1 200 OK;
RSLA\BIBL\0000224338 ; http://a-tremasov.ru/ ;1; HTTP/1.0 200 OK;
RSLA\BIBL\0000224342 ; http://www.nemoekino.ru/index.html ;1; HTTP/1.1 200 OK;
RSLA\BIBL\0000224502 ; http://www.kupalnik-i.ru/ ;1; HTTP/1.1 200 OK;
RSLA\BIBL\0000224945 ; http://www.183art.ru/ ;1; HTTP/1.1 200 OK;
RSLA\BIBL\0000224953 ; http://www.staroeradio.ru/ ;1; HTTP/1.1 200 OK;
RSLA\BIBL\0000225355 ; https://web.archive.org/web/*/http://www.antica.lt/ ;0; ;
RSLA\BIBL\0000225497 ; http://spp.lfond.spb.ru/ ;1; HTTP/1.1 200 OK;
RSLA\BIBL\0000225893 ; http://japaneseprints.ru/ ;0; HTTP/1.0 302 Found;
RSLA\BIBL\0000225980 ; http://www.anatolbrusilov.com/ ;0; HTTP/1.1 403 Forbidden;
RSLA\BIBL\0000226235 ; http://www.kommunalka.spb.ru/index.cfm ;0; ;
RSLA\BIBL\0000226276 ; http://theatrologia.su/ ;1; HTTP/1.1 200 OK;
RSLA\BIBL\0000227006 ; http://www.sakharov-center.ru/asfcd/khudozhniki/ ;0; ;
RSLA\BIBL\0000227020 ; http://www.britishprints.ru/ ;1; HTTP/1.0 200 OK;
RSLA\BIBL\0000227653 ; http://www.d-c.spb.ru/ ;1; HTTP/1.1 200 OK;
RSLA\BIBL\0000230031 ; http://vvord.ru/ ;1; HTTP/1.1 200 OK;
RSLA\BIBL\0000230112 ; http://www.artrussia.ru/russian/index.php ;0; HTTP/1.1 301 Moved Permanently;
RSLA\BIBL\0000230269 ; http://www.maslovka.org/ ;1; HTTP/1.1 200 OK;
RSLA\BIBL\0000231080 ; http://20th.su/ ;1; HTTP/1.1 200 OK;
RSLA\BIBL\0000231574 ; http://moskva.kotoroy.net/ ;1; HTTP/1.1 200 OK;
RSLA\BIBL\0000236053 ; http://www.booksite.ru/library/index.htm ;0; ;
RSLA\BIBL\0000236192 ; http://www.booksite.ru/usadba_new/index.htm ;0; ;
RSLA\BIBL\0000236193 ; http://www.booksite.ru/flax/index.htm ;0; ;
RSLA\BIBL\0000236583 ; http://www.booksite.ru/trade_vologda/index.html ;0; ;
RSLA\BIBL\0000236622 ; http://www.booksite.ru/fulltextsearchn/Default.aspx ;0; ;
RSLA\BIBL\0000236829 ; http://bibliography.karelia.ru/files/22.pdf ;1; HTTP/1.1 200 OK;
RSLA\BIBL\0000237681 ; http://www.ruscircus.ru/ ;1; HTTP/1.1 200 OK;
RSLA\BIBL\0000237725 ; http://www.cultnord.ru/?act=showItem&id_item=130 ;1; HTTP/1.1 200 Ok;
RSLA\BIBL\0000237727 ; http://www.cultnord.ru/?act=showItem&id_item=182 ;1; HTTP/1.1 200 Ok;
RSLA\BIBL\0000237728 ; http://www.circus.ru/ ;1; HTTP/1.1 200 OK;
RSLA\BIBL\0000237811 ; http://zvon.ru/ ;1; HTTP/1.1 200 OK;
RSLA\BIBL\0000237824 ; http://teatroblog.ru/ ;1; HTTP/1.1 200 OK;
RSLA\BIBL\0000237935 ; http://restoreforum.ru/ ;0; HTTP/1.1 500 Internal Server Error;
RSLA\BIBL\0000237980 ; http://www.pskovcity.ru/ ;1; HTTP/1.1 200 OK;
RSLA\BIBL\0000237983 ; http://www.opskove.ru/ ;1; HTTP/1.1 200 OK;
RSLA\BIBL\0000238020 ; http://www.partita.ru/ ;1; HTTP/1.1 200 OK;
RSLA\BIBL\0000238049 ; http://поздравительныеоткрытки.рф/ ;0; ;
RSLA\BIBL\0000238055 ; http://www.otkrytkipasha.ru/ ;1; HTTP/1.1 200 OK;
RSLA\BIBL\0000238106 ; http://www.novogodnieotkrytki.ru/ ;1; HTTP/1.1 200 OK;
RSLA\BIBL\0000238108 ; http://www.baletfoto.ru/index.html ;1; HTTP/1.1 200 OK;
RSLA\BIBL\0000238109 ; http://www.pastar.ru/index.php ;0; HTTP/1.1 301 Moved Permanently;
RSLA\BIBL\0000238244 ; http://theatreinform.ru/ ;0; HTTP/1.1 403 Forbidden;
RSLA\BIBL\0000238245 ; http://dnt-folk.ru/ ;1; HTTP/1.0 200 OK;
RSLA\BIBL\0000238315 ; http://theatrummundi.org/ ;0; ;
RSLA\BIBL\0000238401 ; http://www.smotr.ru/index.htm ;1; HTTP/1.1 200 OK;
RSLA\BIBL\0000238513 ; http://www.theatre.spb.ru/news.html ;1; HTTP/1.1 200 OK;
RSLA\BIBL\0000238828 ; http://www.newdrama.spb.ru/ ;1; HTTP/1.1 200 OK;
RSLA\BIBL\0000238959 ; http://www.art.oryol.ru/ ;1; HTTP/1.1 200 OK;
RSLA\BIBL\0000238977 ; http://www.enclo.lenobl.ru/ ;1; HTTP/1.1 200 OK;
RSLA\BIBL\0000238978 ; http://enckostr.ru/start.do ;1; HTTP/1.1 200 OK;
RSLA\BIBL\0000238992 ; http://galich.enckostr.ru/?lc=ru ;1; HTTP/1.1 200 OK;
RSLA\BIBL\0000238997 ; http://encblago.lfond.spb.ru/showObject.do?object=2817905081&mode=1&alternative=2822395361# ;1; HTTP/1.1 200 OK;
RSLA\BIBL\0000239010 ; http://www.encspb.ru/?lc=ru ;1; HTTP/1.1 200 OK;
RSLA\BIBL\0000239365 ; http://ro.pushkinskijdom.ru/ ;1; HTTP/1.1 200 OK;
RSLA\BIBL\0000239376 ; http://lib.pushkinskijdom.ru/ ;1; HTTP/1.1 200 OK;
RSLA\BIBL\0000239402 ; http://notes.tarakanov.net/ ;1; HTTP/1.0 200 OK;
RSLA\BIBL\0000239675 ; http://www.ballet.classical.ru/index.html ;1; HTTP/1.1 200 OK;
RSLA\BIBL\0000239789 ; http://www.kirmuseum.ru/ ;1; HTTP/1.1 200 OK;
RSLA\BIBL\0000239838 ; http://www.animator.ru/db/ ;1; HTTP/1.1 200 OK;
RSLA\BIBL\0000240624 ; http://tsarselo.ru/index.php?view=content&id=6#.VBfbwldEGZQ ;1; HTTP/1.1 200 OK;
RSLA\BIBL\0000240639 ; http://www.dionisy.com/index.shtml ;1; HTTP/1.1 200 OK;
RSLA\BIBL\0000240731 ; http://www.russianprints.ru ;1; HTTP/1.0 200 OK;
RSLA\BIBL\0000240753 ; http://www.italian-art.ru/ ;1; HTTP/1.0 200 OK;
RSLA\BIBL\0000240754 ; http://www.antic-art.ru/catalogue/ ;1; HTTP/1.0 200 OK;
RSLA\BIBL\0000242205 ; http://www.ceo.spb.ru/libretto/index1.html ;1; HTTP/1.1 200 OK;
RSLA\BIBL\0000242638 ; http://www.russiancity.ru/ ;1; HTTP/1.1 200 OK;
RSLA\BIBL\0000242644 ; http://sarafan.ru/ ;0; HTTP/1.1 301 Moved Permanently;
RSLA\BIBL\0000242656 ; http://www.fashionrussia.narod.ru/ ;1; HTTP/1.1 200 OK;
RSLA\BIBL\0000242743 ; http://www.ellada.spb.ru/ ;1; HTTP/1.1 200 OK;
RSLA\BIBL\0000242998 ; http://bubyr.narod.ru/index.html ;1; HTTP/1.1 200 OK;
RSLA\BIBL\0000243367 ; http://alyoshin.ru/index.html ;1; HTTP/1.1 200 OK;
RSLA\BIBL\0000243417 ; http://www.fashionweek.ru/ ;0; HTTP/1.1 301 Moved Permanently;
RSLA\BIBL\0000243507 ; http://www.fashiontime.ru/ ;1; HTTP/1.1 200 OK;
RSLA\BIBL\0000243516 ; http://walkspb.ru/ ;0; ;
RSLA\BIBL\0000243678 ; http://www.culturalnet.ru/# ;1; HTTP/1.1 200 OK;
RSLA\BIBL\0000243684 ; http://www.gramota.net/materials.html ;1; HTTP/1.1 200 OK;
RSLA\BIBL\0000244694 ; http://roisman.narod.ru ;1; HTTP/1.1 200 OK;
RSLA\BIBL\0000244699 ; http://bayanac.narod.ru/ ;1; HTTP/1.1 200 OK;
RSLA\BIBL\0000244986 ; http://beltheatre.ru/ ;1; HTTP/1.1 200 OK;
RSLA\BIBL\0000244990 ; http://www.costumeantique.de/home.html ;1; HTTP/1.1 200 OK;
RSLA\BIBL\0000245764 ; http://kannelura.info ;1; HTTP/1.1 200 OK;
RSLA\BIBL\0000246790 ; http://arch-grafika.ru/ ;1; HTTP/1.1 200 OK;
RSLA\BIBL\0000247351 ; http://www.fondationlecorbusier.fr ;1; HTTP/1.1 200 OK;
RSLA\BIBL\0000247466 ; http://www.rostovopera.ru/ ;0; ;
RSLA\BIBL\0000247467 ; http://www.newdrama.ru/ ;1; HTTP/1.1 200 OK;
RSLA\BIBL\0000247468 ; http://kolyada.ur.ru/ ;1; HTTP/1.1 200 OK;
RSLA\BIBL\0000248120 ; http://www.mincult.ru/ ;1; HTTP/1.1 200 OK;
RSLA\BIBL\0000248292 ; http://libretto-opera.narod.ru/Index.htm ;1; HTTP/1.1 200 OK;
RSLA\BIBL\0000248301 ; http://teatrbaby.ru/index.htm ;1; HTTP/1.1 200 OK;
RSLA\BIBL\0000248532 ; http://krispen.ru/ ;1; HTTP/1.1 200 OK;
RSLA\BIBL\0000248535 ; http://dramafond.ru/ ;1; HTTP/1.1 200 OK;
RSLA\BIBL\0000248584 ; http://newdrama.livejournal.com/profile ;0; ;
RSLA\BIBL\0000248678 ; http://ищупьесу.рф/ ;0; ;
RSLA\BIBL\0000248684 ; http://dramateshka.ru/ ;1; HTTP/1.1 200 OK;
RSLA\BIBL\0000248686 ; http://dramatist-guild.spb.ru/ ;1; HTTP/1.1 200 OK;
RSLA\BIBL\0000248705 ; http://muar.ru/new/ ;0; ;
RSLA\BIBL\0000248742 ; http://www.stroganow.ru ;1; HTTP/1.1 200 OK;
RSLA\BIBL\0000249418 ; http://www.museum.ru/ ;1; HTTP/1.1 200 OK;
RSLA\BIBL\0000249954 ; http://zaslavsky.ru/ ;0; HTTP/1.1 502 Bad Gateway;
RSLA\BIBL\0000250070 ; http://www.ocostume.ru/ ;1; HTTP/1.1 200 OK;
RSLA\BIBL\0000250174 ; http://biblioteka.teatr-obraz.ru/ ;1; HTTP/1.1 200 OK;
RSLA\BIBL\0000250192 ; http://arhiv-palat.livejournal.com ;1; HTTP/1.1 200 OK;
RSLA\BIBL\0000250221 ; http://teatr-lib.ru/ ;1; HTTP/1.1 200 OK;
RSLA\BIBL\0000250229 ; http://www.ilinskiy.com/ ;0; HTTP/1.1 502 Bad Gateway;
RSLA\BIBL\0000250231 ; http://dramaturgija.ru/ ;1; HTTP/1.0 200 OK;
RSLA\BIBL\0000250245 ; http://drammaturgia.org/ ;0; HTTP/1.1 302 Found;
RSLA\BIBL\0000250260 ; http://teatron-journal.ru/ ;1; HTTP/1.1 200 OK;
RSLA\BIBL\0000250285 ; http://dramaturgija-20-veka.ru/ ;1; HTTP/1.0 200 OK;
RSLA\BIBL\0000250294 ; https://sites.google.com/site/saranakan/ ;0; ;
RSLA\BIBL\0000250304 ; http://nomilib.ru/ ;1; HTTP/1.1 200 OK;
RSLA\BIBL\0000250310 ; http://www.big-library.info/?act=autors&tema=91&subtema=91 ;1; HTTP/1.1 200 OK;
RSLA\BIBL\0000250526 ; http://rusactors.ru ;1; HTTP/1.1 200 OK;
RSLA\BIBL\0000250527 ; http://nerusactors.ru/ ;1; HTTP/1.1 200 OK;
RSLA\BIBL\0000250528 ; http://www.kinoexpert.ru/index.asp ;1; HTTP/1.1 200 OK;
RSLA\BIBL\0000250607 ; http://www.tvmuseum.ru/ ;1; HTTP/1.1 200 OK;
RSLA\BIBL\0000251085 ; http://www.kruzhevo.ru/ ;1; HTTP/1.1 200 OK;
RSLA\BIBL\0000251309 ; http://vkarp.com/ ;0; HTTP/1.1 521 Origin Down;
RSLA\BIBL\0000251775 ; http://www.cakarelia.ru/ ;0; ;
RSLA\BIBL\0000251805 ; http://www.most-spb.ru/ ;1; HTTP/1.1 200 OK;
RSLA\BIBL\0000251833 ; http://podstakannik.ru/ ;1; HTTP/1.1 200 OK;
RSLA\BIBL\0000251890 ; http://www.novayaopera.ru/?page=veshalka ;1; HTTP/1.0 200 OK;
RSLA\BIBL\0000252540 ; http://oteatre.info/ ;1; HTTP/1.1 200 OK;
RSLA\BIBL\0000252578 ; http://ptj.spb.ru/ ;1; HTTP/1.1 200 OK;
RSLA\BIBL\0000252614 ; http://ptj.spb.ru/pressa/ ;1; HTTP/1.1 200 OK;
RSLA\BIBL\0000252707 ; http://www.kawelmacher.ru/ ;1; HTTP/1.1 200 OK;
RSLA\BIBL\0000252713 ; http://www.zagraevsky.com/ ;1; HTTP/1.1 200 OK;
RSLA\BIBL\0000252714 ; http://www.vladregion.info/ ;0; HTTP/1.1 500 Internal Server Error;
RSLA\BIBL\0000252750 ; http://rao.ru/ ;1; HTTP/1.0 200 OK;
RSLA\BIBL\0000252753 ; http://www.snor.ru/ ;1; HTTP/1.1 200 OK;
RSLA\BIBL\0000252765 ; http://www.bogoslov.ru/ ;1; HTTP/1.1 200 OK;
RSLA\BIBL\0000252779 ; http://www.pv-gallery.ru/ ;1; HTTP/1.1 200 OK;
RSLA\BIBL\0000252796 ; http://artcenter.ru/ ;1; HTTP/1.1 200 OK;
RSLA\BIBL\0000252800 ; http://niitiag.ru/ ;0; HTTP/1.1 301 Moved Permanently;
RSLA\BIBL\0000252801 ; http://www.gardenhistory.ru/page.php?pageid=1 ;1; HTTP/1.1 200 OK;
RSLA\BIBL\0000252802 ; http://www.architime.ru/index.htm ;1; HTTP/1.1 200 OK;
RSLA\BIBL\0000252804 ; http://www.rosteatr.ru/ ;0; ;
RSLA\BIBL\0000252811 ; http://www.iconrussia.ru/ ;1; HTTP/1.1 200 OK;
RSLA\BIBL\0000252812 ; http://goskatalog.ru/portal/#/ ;1; HTTP/1.1 200 OK;
RSLA\BIBL\0000252814 ; http://pravo.roskultura.ru/ ;1; HTTP/1.1 200 OK;
RSLA\BIBL\0000252817 ; http://lostart.ru/ru/ ;1; HTTP/1.1 200 OK;
RSLA\BIBL\0000252890 ; http://www.pogarsky.ru/ ;1; HTTP/1.1 200 OK;
RSLA\BIBL\0000252930 ; http://www.belcanto.ru/ ;1; HTTP/1.1 200 OK;
RSLA\BIBL\0000252931 ; http://www.arthouse.ru/ ;0; HTTP/1.1 301 Moved Permanently;
RSLA\BIBL\0000252933 ; http://www.kinobusiness.com/ ;0; ;
RSLA\BIBL\0000252936 ; http://www.cinemasia.ru/ ;1; HTTP/1.1 200 OK;
RSLA\BIBL\0000252938 ; http://cult-cinema.ru/ ;1; HTTP/1.1 200 OK;
RSLA\BIBL\0000253114 ; http://www.proficinema.ru/index.php ;1; HTTP/1.1 200 OK;
RSLA\BIBL\0000253253 ; http://www.klass-teatr.ru ;1; HTTP/1.1 200 OK;
RSLA\BIBL\0000253982 ; http://www.givc.ru/projects/passportculturalregions/ ;1; HTTP/1.1 200 OK;
RSLA\BIBL\0000254005 ; http://www.artmaecenas.ru/ ;1; HTTP/1.0 200 OK;
RSLA\BIBL\0000254016 ; http://germanprints.ru/index.php ;1; HTTP/1.0 200 OK;
RSLA\BIBL\0000254036 ; http://novgorodmuseum.ru/ ;1; HTTP/1.1 200 OK;
RSLA\BIBL\0000254038 ; http://enc.permculture.ru/start.do ;1; HTTP/1.1 200 OK;
RSLA\BIBL\0000254046 ; http://www.art-education.ru/electronic-journal ;1; HTTP/1.1 200 OK;
RSLA\BIBL\0000257059 ; http://hkcinema.ru/ ;0; ;
RSLA\BIBL\0000257081 ; http://mihhey.jimdo.com/ ;0; HTTP/1.1 403 Forbidden;
RSLA\BIBL\0000258090 ; http://timeculture.ru ;0; HTTP/1.1 301 Moved Permanently;
RSLA\BIBL\0000259090 ; http://sias.ru/ ;1; HTTP/1.1 200 OK;
RSLA\BIBL\0000259534 ; http://www.vakhtangov.ru ;1; HTTP/1.1 200 OK;
RSLA\BIBL\0000259535 ; http://dsmirnof.ucoz.ru/ ;1; HTTP/1.1 200 OK;
RSLA\BIBL\0000259536 ; http://krasnogorov.com ;1; HTTP/1.1 200 OK;
RSLA\BIBL\0000260436 ; http://uar.ru/ ;1; HTTP/1.1 200 OK;
RSLA\BIBL\0000260447 ; http://www.architektor.ru/ ;1; HTTP/1.1 200 OK;
RSLA\BIBL\0000260448 ; http://cultinfo.ru/ ;1; HTTP/1.1 200 OK;
RSLA\BIBL\0000260497 ; http://www.designspb.ru/ ;1; HTTP/1.1 200 OK;
RSLA\BIBL\0000260499 ; http://progallery.org/ ;0; HTTP/1.1 302 Moved Temporarily;
RSLA\BIBL\0000260503 ; http://mincultrk.ru/ ;1; HTTP/1.1 200 Ok;
RSLA\BIBL\0000260521 ; http://monuments.karelia.ru/ ;1; HTTP/1.0 200 OK;
RSLA\BIBL\0000260671 ; http://www.prazdnik.by/content/11/182/ ;1; HTTP/1.1 200 OK;
RSLA\BIBL\0000260672 ; http://monuments.karelia.ru/ob-ekty-kul-turnogo-nasledija/katalog-ob-ekty-istoriko-kul-turnogo-nasledija-goroda-petrozavodska/ ;1; HTTP/1.0 200 OK;
RSLA\BIBL\0000260693 ; http://monuments.karelia.ru/ob-ekty-kul-turnogo-nasledija/katalog-ob-ekty-narodnogo-derevjannogo-zodchestva-na-istoriko-kul-turnyh-territorijah-sjamozer-e-i-prjazhinskoe-mezhozer-e/ ;1; HTTP/1.0 200 OK;
RSLA\BIBL\0000260695 ; http://monuments.karelia.ru/ob-ekty-kul-turnogo-nasledija/katalog-ob-ekty-arhitekturnogo-nasledija-goroda-pudozha ;1; HTTP/1.0 200 OK;
RSLA\BIBL\0000260704 ; http://monuments.karelia.ru/ob-ekty-kul-turnogo-nasledija/katalog-pamjatnikov-narodnogo-derevjannogo-zodchestva-v-pudozhskom-rajone/vvedenie/ ;1; HTTP/1.0 200 OK;
RSLA\BIBL\0000260711 ; http://monuments.karelia.ru/ob-ekty-kul-turnogo-nasledija/katalog-pravoslavnye-pamjatniki-zaonezh-ja/ ;1; HTTP/1.0 200 OK;
RSLA\BIBL\0000260817 ; http://monuments.karelia.ru/ob-ekty-kul-turnogo-nasledija/kniga-velikaja-otechestvennaja-vojna-v-karelii-pamjatniki-i-pamjatnye-mesta/ ;1; HTTP/1.0 200 OK;
RSLA\BIBL\0000260836 ; http://kizhi.karelia.ru/ ;1; HTTP/1.1 200 OK;
RSLA\BIBL\0000260844 ; http://kizhi.karelia.ru/opr/ ;1; HTTP/1.1 200 OK;
RSLA\BIBL\0000262184 ; http://antique-lit.niv.ru ;1; HTTP/1.1 200 OK;
RSLA\BIBL\0000262185 ; http://svr-lit.niv.ru ;1; HTTP/1.1 200 OK;
RSLA\BIBL\0000262200 ; http://kizhi.karelia.ru/library/ ;1; HTTP/1.1 200 OK;
RSLA\BIBL\0000262213 ; http://kizhi.karelia.ru/architecture/ ;1; HTTP/1.1 200 OK;
RSLA\BIBL\0000262216 ; http://kizhi.karelia.ru/collection/ ;1; HTTP/1.1 200 OK;
RSLA\BIBL\0000262218 ; http://radmuseumart.ru/ ;1; HTTP/1.1 200 OK;
RSLA\BIBL\0000262219 ; http://lit-prosv.niv.ru/ ;1; HTTP/1.1 200 OK;
RSLA\BIBL\0000262220 ; http://19v-euro-lit.niv.ru/ ;1; HTTP/1.1 200 OK;
RSLA\BIBL\0000262221 ; http://20v-euro-lit.niv.ru/ ;1; HTTP/1.1 200 OK;
RSLA\BIBL\0000262419 ; http://maskball.ru/ ;1; HTTP/1.1 200 OK;
RSLA\BIBL\0000262428 ; http://www.unikino.ru/ ;0; ;
RSLA\BIBL\0000262438 ; http://glinka.museum/ ;1; HTTP/1.1 200 OK;
RSLA\BIBL\0000262490 ; http://andreev.lit-info.ru ;1; HTTP/1.1 200 OK;
RSLA\BIBL\0000262493 ; http://annenskiy.lit-info.ru ;1; HTTP/1.1 200 OK;
RSLA\BIBL\0000262498 ; http://blok.lit-info.ru ;1; HTTP/1.1 200 OK;
RSLA\BIBL\0000262549 ; http://publish.sutd.ru/ ;0; ;
RSLA\BIBL\0000262557 ; http://publish.sutd.ru/docs/content/st_eduindesign_2015.pdf ;0; ;
RSLA\BIBL\0000262595 ; http://publish.sutd.ru/ ;0; ;
RSLA\BIBL\0000262679 ; http://bulgakov.lit-info.ru ;1; HTTP/1.1 200 OK;
RSLA\BIBL\0000262681 ; http://gorkiy.lit-info.ru ;1; HTTP/1.1 200 OK;
RSLA\BIBL\0000262683 ; http://griboedov.lit-info.ru ;1; HTTP/1.1 200 OK;
RSLA\BIBL\0000262685 ; http://derzhavin.lit-info.ru ;1; HTTP/1.1 200 OK;
RSLA\BIBL\0000262686 ; http://ekaterina-ii.niv.ru ;1; HTTP/1.1 200 OK;
RSLA\BIBL\0000262693 ; http://www.conservatory.ru/ ;1; HTTP/1.1 200 OK;
RSLA\BIBL\0000262701 ; https://spbarchives.ru/web/group/information_resources/-/archivestore/fund/1-15?_archivestore_WAR_archivestoreportlet_redirect=%2Fweb%2Fgroup%2Finformation_resources%2F-%2Farchivestore%2Ffunds%2F1%3F_archivestore_WAR_archivestoreportlet_filterFundNumber%3D9610%26_archivestore_WAR_archivestoreportlet_filterFundName%3D%26_archivestore_WAR_archivestoreportlet_filterFundStartYear%3D%26_archivestore_WAR_archivestoreportlet_filterFundEndYear%3D ;0; ;
RSLA\BIBL\0000262710 ; http://opisi.rgae.ru//scripts/uis/rgae_any.php?base=mysql:rgae&list=&sort=&idObj=7277399 ;0; ;
RSLA\BIBL\0000262724 ; http://opisi.rgae.ru//scripts/uis/rgae_any.php?base=mysql:rgae&list=&sort=&idObj=7277399 ;0; ;
RSLA\BIBL\0000263228 ; http://zamyatin.lit-info.ru ;1; HTTP/1.1 200 OK;
RSLA\BIBL\0000263252 ; http://ivanov.lit-info.ru ;1; HTTP/1.1 200 OK;
RSLA\BIBL\0000263354 ; http://sunny-genre.narod.ru/ ;1; HTTP/1.1 200 OK;
RSLA\BIBL\0000263355 ; http://www.fragrantica.ru/ ;0; ;
RSLA\BIBL\0000263362 ; http://www.kinoexpert.ru/ ;1; HTTP/1.1 200 OK;
RSLA\BIBL\0000263565 ; http://www.kinometro.ru/ ;1; HTTP/1.1 200 OK;
RSLA\BIBL\0000263566 ; http://seance.ru/ ;1; HTTP/1.1 200 OK;
RSLA\BIBL\0000263577 ; http://www.mosfilm.ru/ ;0; ;
RSLA\BIBL\0000264122 ; http://www.cinematheque.ru/ ;1; HTTP/1.1 200 OK;
RSLA\BIBL\0000264124 ; http://www.kinomania.ru/ ;1; HTTP/1.1 200 OK;
RSLA\BIBL\0000264126 ; http://ruskino.ru/ ;0; ;
RSLA\BIBL\0000264128 ; http://www.gosniir.ru/ ;1; HTTP/1.1 200 OK;
RSLA\BIBL\0000264156 ; http://korzhev.com/ ;1; HTTP/1.1 200 Ok;
RSLA\BIBL\0000264157 ; http://www.deineka.ru/ ;1; HTTP/1.1 200 OK;
RSLA\BIBL\0000264158 ; http://veresh.ru/ ;1; HTTP/1.1 200 OK;
RSLA\BIBL\0000264159 ; http://artsurikov.ru/ ;1; HTTP/1.1 200 OK;
RSLA\BIBL\0000265892 ; http://rusrealart.ru/index.php ;1; HTTP/1.1 200 OK;
RSLA\BIBL\0000265928 ; http://soros.novgorod.ru/projects/Toolkit/toolkit.htm ;1; HTTP/1.1 200 OK;
RSLA\BIBL\0000265974 ; http://www.vostlit.info/ ;1; HTTP/1.1 200 OK;
RSLA\BIBL\0000267657 ; http://krylov.lit-info.ru ;1; HTTP/1.1 200 OK;
RSLA\BIBL\0000267660 ; http://kuzmin.lit-info.ru ;1; HTTP/1.1 200 OK;
RSLA\BIBL\0000267731 ; http://www.rus-shake.ru/ ;1; HTTP/1.1 200 OK;
RSLA\BIBL\0000267756 ; http://around-shake.ru/ ;1; HTTP/1.1 200 OK;
RSLA\BIBL\0000267762 ; http://www.world-shake.ru/ ;1; HTTP/1.1 200 OK;
RSLA\BIBL\0000267779 ; http://www.jtheatre.info/ ;1; HTTP/1.1 200 OK;
RSLA\BIBL\0000267791 ; http://rybmuseum.ru/index.php/ru/ ;1; HTTP/1.1 200 OK;
RSLA\BIBL\0000267878 ; http://lvov.lit-info.ru ;1; HTTP/1.1 200 OK;
RSLA\BIBL\0000267901 ; http://merezhkovskiy.lit-info.ru ;1; HTTP/1.1 200 OK;
RSLA\BIBL\0000268031 ; http://www.verman-art.ru/ ;1; HTTP/1.1 200 OK;
RSLA\BIBL\0000268061 ; http://opisi.rgae.ru/scripts/uis/rgae_any.php?base=mysql:rgae&list=&sort=&idObj=5809761 ;0; ;
RSLA\BIBL\0000268067 ; http://skor-art.ru/ ;1; HTTP/1.1 200 OK;
RSLA\BIBL\0000268073 ; https://artchive.ru/ ;0; ;
RSLA\BIBL\0000268223 ; http://nabokov.niv.ru ;1; HTTP/1.1 200 OK;
RSLA\BIBL\0000268303 ; http://starieknigi.info/ ;1; HTTP/1.1 200 OK;
RSLA\BIBL\0000268309 ; http://www.mosantico.ru/ ;1; HTTP/1.1 200 OK;
RSLA\BIBL\0000268679 ; http://pisemskiy.lit-info.ru ;1; HTTP/1.1 200 OK;
RSLA\BIBL\0000268927 ; http://organjournal.ru/old/ ;1; HTTP/1.1 200 OK;
RSLA\BIBL\0000268948 ; http://cult-cult.ru/ ;1; HTTP/1.1 200 OK;
RSLA\BIBL\0000268952 ; http://www.mosgu.ru/nauchnaya/nauch_trudy/ ;1; HTTP/1.1 200 OK;
RSLA\BIBL\0000269076 ; http://www.shr.su/ ;1; HTTP/1.1 200 OK;
RSLA\BIBL\0000269077 ; http://www.shr-gazeta.ru/ ;1; HTTP/1.1 200 OK;
RSLA\BIBL\0000269101 ; http://www.artist-mag.ru/ ;0; HTTP/1.0 301 Moved Permanently;
RSLA\BIBL\0000269265 ; http://www.ais-aica.ru/ ;0; ;
RSLA\BIBL\0000269270 ; http://ais-spb.ucoz.ru/index/http_ais_spb_ucoz_ru_index_0_2/0-2 ;1; HTTP/1.1 200 OK;
RSLA\BIBL\0000269271 ; http://alexeyparygin.com/ ;0; ;
RSLA\BIBL\0000269476 ; http://chekhoved.net/ ;1; HTTP/1.1 200 OK;
RSLA\BIBL\0000269507 ; http://journal-okolo.ru ;1; HTTP/1.1 200 OK;
RSLA\BIBL\0000269641 ; http://www.mussorgsky.ru/ ;1; HTTP/1.1 200 OK;
RSLA\BIBL\0000269664 ; http://www.fedorov.ws/ ;0; HTTP/1.0 403 Blocked by ESET Security;
RSLA\BIBL\0000269710 ; http://www.booth.ru/ ;1; HTTP/1.1 200 OK;
RSLA\BIBL\0000269731 ; http://confederation-art.ru/ru/# ;0; HTTP/1.1 404 Not Found;
RSLA\BIBL\0000269735 ; http://www.artanum.ru/ ;1; HTTP/1.1 200 OK;
RSLA\BIBL\0000269764 ; http://design-guild.ru/ ;1; HTTP/1.1 200 OK;
RSLA\BIBL\0000269783 ; http://nalichniki.com/ ;1; HTTP/1.0 200 OK;
RSLA\BIBL\0000269784 ; http://monumental-art.ru/ ;1; HTTP/1.1 200 OK;
RSLA\BIBL\0000269801 ; http://www.antik.ru/ ;1; HTTP/1.1 200 OK;
RSLA\BIBL\0000269803 ; http://youngcomposers.ru/ru/ ;1; HTTP/1.1 200 OK;
RSLA\BIBL\0000270663 ; http://www.oms.ru/ ;1; HTTP/1.1 200 OK;
RSLA\BIBL\0000270753 ; http://www.antiqoboz.ru/ ;1; HTTP/1.1 200 OK;
RSLA\BIBL\0000272592 ; http://znamen.ru/index.php ;1; HTTP/1.1 200 OK;
RSLA\BIBL\0000272623 ; http://wolgadeutsche.ru/index.php ;0; HTTP/1.1 301 Moved Permanently;
RSLA\BIBL\0000272640 ; http://www.oldgazette.ru/index.html ;1; HTTP/1.1 200 OK;
RSLA\BIBL\0000272668 ; http://sovmusic.ru/index.php ;1; HTTP/1.1 200 OK;
RSLA\BIBL\0000272677 ; http://www.old-songbook.ru/ ;1; HTTP/1.1 200 OK;
RSLA\BIBL\0000273814 ; http://kannelura.info/ ;1; HTTP/1.1 200 OK;
RSLA\BIBL\0000274556 ; http://okolo.me/ ;1; HTTP/1.1 200 OK;
RSLA\BIBL\0000275046 ; http://xz.gif.ru/ ;1; HTTP/1.1 200 OK;
RSLA\BIBL\0000275075 ; http://musicals.ru/ ;1; HTTP/1.1 200 OK;
RSLA\BIBL\0000275087 ; http://www.kinozapiski.ru/ ;1; HTTP/1.1 200 OK;
RSLA\BIBL\0000275116 ; http://www.abc-guitars.com/ ;1; HTTP/1.1 200 OK;
RSLA\BIBL\0000275373 ; http://www.guitar-times.ru/pages/magazine/mag.htm ;1; HTTP/1.1 200 OK;
RSLA\BIBL\0000275388 ; http://www.grekovstudio.ru ;1; HTTP/1.1 200 OK;
RSLA\BIBL\0000275515 ; http://art-con.ru ;1; HTTP/1.1 200 OK;
RSLA\BIBL\0000275516 ; http://art-cons.ru ;1; HTTP/1.1 200 OK;
RSLA\BIBL\0000276651 ; http://archvuz.ru/ ;1; HTTP/1.1 200 OK;
RSLA\BIBL\0000276672 ; http://www.permm.ru/ ;0; ;
RSLA\BIBL\0000276790 ; http://cultinfo.ru/journal/ ;1; HTTP/1.1 200 OK;
RSLA\BIBL\0000277342 ; http://www.piter-art.com/index.php?r=29 ;0; HTTP/1.1 301 Moved Permanently;
RSLA\BIBL\0000277635 ; http://dkn.mos.ru/ ;0; ;
RSLA\BIBL\0000277650 ; http://sovmod.ru/ ;0; ;
RSLA\BIBL\0000277659 ; http://aakr.ru/ ;1; HTTP/1.1 200 OK;
RSLA\BIBL\0000279019 ; http://www.guitar-times.ru/index.htm ;1; HTTP/1.1 200 OK;
RSLA\BIBL\0000279076 ; http://www.shagina.ru/artbank/index.html ;0; HTTP/1.1 404 Not Found;
RSLA\BIBL\0000279078 ; http://vologdalace.ru/ ;1; HTTP/1.1 200 OK;
RSLA\BIBL\0000279081 ; http://culture.avo.ru/pamat/index.shtml ;0; HTTP/1.1 404 Not Found;
RSLA\BIBL\0000279096 ; http://www.theartnewspaper.ru/ ;1; HTTP/1.1 200 OK;
RSLA\BIBL\0000279102 ; http://www.raasn.ru/pub.php?pub=pub1-11 ;1; HTTP/1.1 200 OK;
RSLA\BIBL\0000280332 ; http://www.k-malevich.ru/ ;1; HTTP/1.1 200 OK;
RSLA\BIBL\0000280334 ; http://www.nemchinovka-malevich.ru/ ;1; HTTP/1.1 200 OK;
RSLA\BIBL\0000280350 ; http://www.kandinsky-art.ru/ ;1; HTTP/1.1 200 OK;
RSLA\BIBL\0000280365 ; http://www.kandinsky-prize.ru/ ;1; HTTP/1.0 200 OK;
RSLA\BIBL\0000280383 ; http://www.labasfond.ru/ ;1; HTTP/1.1 200 OK;
RSLA\BIBL\0000281627 ; http://www.elena-olshanskaya.ru/page.php ;1; HTTP/1.1 200 OK;
RSLA\BIBL\0000281634 ; http://www.vladimirvedrashko.com/19 ;1; HTTP/1.1 200 OK;
RSLA\BIBL\0000283397 ; http://kultura.mos.ru/ ;0; ;
RSLA\BIBL\0000283404 ; http://e-spassky.ru/html.html ;0; HTTP/1.1 301 Moved Permanently;
RSLA\BIBL\0000283739 ; http://aroundart.ru/ ;0; ;
RSLA\BIBL\0000284129 ; http://aroundart.ru/vidiot-1/ ;0; ;
RSLA\BIBL\0000284842 ; http://www.russkije.lv/ ;1; HTTP/1.1 200 OK;
RSLA\BIBL\0000284981 ; http://www.gazetaigraem.ru/ ;1; HTTP/1.1 200 OK;
RSLA\BIBL\0000284982 ; http://ec-dejavu.ru/ ;1; HTTP/1.1 200 OK;
RSLA\BIBL\0000285030 ; http://www.bcxb1939.com/ ;0; ;
RSLA\BIBL\0000285042 ; http://www.wagner.su/ ;0; ;
RSLA\BIBL\0000285291 ; http://rao.ru/for-users/teatram/authors-and-plays/ ;1; HTTP/1.0 200 OK;
RSLA\BIBL\0000285382 ; http://www.mosculture.ru/ ;1; HTTP/1.1 200 OK;
RSLA\BIBL\0000285673 ; http://nnovcons.ru/?file=iPage1.php ;1; HTTP/1.1 200 OK;
RSLA\BIBL\0000285678 ; http://sarcons.ru/index.html ;0; HTTP/1.1 404 Not Found;
RSLA\BIBL\0000285906 ; http://www.philol.msu.ru/;lex/main.htm ;1; HTTP/1.1 200 OK
RSLA\BIBL\0000285997 ; http://artprim.com/index.html ;1; HTTP/1.1 200 OK;
RSLA\BIBL\0000286004 ; http://projectmuseum.ru/index.php ;1; HTTP/1.1 200 OK;
RSLA\BIBL\0000286023 ; http://vladmuseum.ru/rus/ ;0; HTTP/1.0 404 Not Found;
RSLA\BIBL\0000286104 ; http://old.librarium.fr/ru ;1; HTTP/1.1 200 OK;
RSLA\BIBL\0000286107 ; http://savelenko.ru/ ;1; HTTP/1.1 200 OK;
RSLA\BIBL\0000286111 ; http://moscow-painters.ru/ ;1; HTTP/1.1 200 OK;
RSLA\BIBL\0000286476 ; http://www.vladmuseum.ru/files/katalog/02.pdf ;0; HTTP/1.0 404 Not Found;
RSLA\BIBL\0000286486 ; http://www.vladmuseum.ru/files/katalog/03.pdf ;0; HTTP/1.0 404 Not Found;
RSLA\BIBL\0000286498 ; http://www.vladmuseum.ru/files/katalog/06.pdf ;0; HTTP/1.0 404 Not Found;
RSLA\BIBL\0000286600 ; http://www.vladmuseum.ru/files/katalog/07.pdf ;0; HTTP/1.0 404 Not Found;
RSLA\BIBL\0000286624 ; http://www.vladmuseum.ru/files/katalog/08.pdf ;0; HTTP/1.0 404 Not Found;
RSLA\BIBL\0000286631 ; http://www.vladmuseum.ru/files/katalog/09.pdf ;0; HTTP/1.0 404 Not Found;
RSLA\BIBL\0000286752 ; http://prophotos.ru/ ;0; ;
RSLA\BIBL\0000286781 ; http://emigrantika.ru/ ;1; HTTP/1.1 200 OK;
RSLA\BIBL\0000286795 ; http://www.emigrantica.ru/ ;1; HTTP/1.1 200 OK;
RSLA\BIBL\0000286841 ; http://photo-element.ru/ ;1; HTTP/1.1 200 OK;
RSLA\BIBL\0000286849 ; http://fototips.ru/ ;1; HTTP/1.1 200 OK;
RSLA\BIBL\0000286989 ; http://www.kinobusiness.com/magazine/ ;0; ;
RSLA\BIBL\0000286992 ; http://www.strast10.ru/ ;1; HTTP/1.1 200 OK;
RSLA\BIBL\0000287012 ; http://www.nasledie-rus.ru/ ;1; HTTP/1.1 200 OK;
RSLA\BIBL\0000287014 ; http://www.balletart.ru ;1; HTTP/1.1 200 OK;
RSLA\BIBL\0000287359 ; http://www.vladmuseum.ru/files/katalog/10.pdf ;0; HTTP/1.0 404 Not Found;
RSLA\BIBL\0000287363 ; http://www.vladmuseum.ru/files/katalog/11.pdf ;0; HTTP/1.0 404 Not Found;
RSLA\BIBL\0000287366 ; http://www.vladmuseum.ru/files/katalog/12.pdf ;0; HTTP/1.0 404 Not Found;
RSLA\BIBL\0000287495 ; http://www.vladmuseum.ru/files/katalog/13.pdf ;0; HTTP/1.0 404 Not Found;
RSLA\BIBL\0000287499 ; http://www.vladmuseum.ru/files/katalog/14.pdf ;0; HTTP/1.0 404 Not Found;
RSLA\BIBL\0000287505 ; http://www.vladmuseum.ru/files/katalog/15.pdf ;0; HTTP/1.0 404 Not Found;
RSLA\BIBL\0000289382 ; http://www.vladmuseum.ru/files/katalog/16.pdf ;0; HTTP/1.0 404 Not Found;
RSLA\BIBL\0000289412 ; http://www.vladmuseum.ru/files/katalog/25.pdf ;0; HTTP/1.0 404 Not Found;
RSLA\BIBL\0000289418 ; http://www.vladmuseum.ru/files/katalog/27.pdf ;0; HTTP/1.0 404 Not Found;
RSLA\BIBL\0000289424 ; http://www.vladmuseum.ru/files/katalog/28.pdf ;0; HTTP/1.0 404 Not Found;
RSLA\BIBL\0000290325 ; http://www.vladmuseum.ru/files/katalog/29.pdf ;0; HTTP/1.0 404 Not Found;
RSLA\BIBL\0000290326 ; http://www.vladmuseum.ru/files/katalog/30.pdf ;0; HTTP/1.0 404 Not Found;
RSLA\BIBL\0000290328 ; http://www.vladmuseum.ru/files/katalog/31.pdf ;0; HTTP/1.0 404 Not Found;
RSLA\BIBL\0000290335 ; http://www.vladmuseum.ru/files/katalog/34.pdf ;0; HTTP/1.0 404 Not Found;
RSLA\BIBL\0000290743 ; http://7iskusstv.com/index.php ;1; HTTP/1.1 200 OK;
RSLA\BIBL\0000291045 ; http://imwerden.de/ ;1; HTTP/1.1 200 OK;
RSLA\BIBL\0000291155 ; http://int-ant.ru/ ;1; HTTP/1.1 200 OK;
RSLA\BIBL\0000291187 ; http://int-ant.ru/docs/catalog_painting/ ;1; HTTP/1.1 200 OK;
RSLA\BIBL\0000291315 ; http://int-ant.ru/docs/catalog_mebel_kn1/#1/z ;1; HTTP/1.1 200 OK;
RSLA\BIBL\0000291322 ; http://int-ant.ru/docs/catalog_mebel_kn2/#4/z ;1; HTTP/1.1 200 OK;
RSLA\BIBL\0000291323 ; http://int-ant.ru/docs/catalog_bronza/#4/z ;1; HTTP/1.1 200 OK;
RSLA\BIBL\0000291768 ; http://www.vladmuseum.ru/files/katalog/35.pdf ;0; HTTP/1.0 404 Not Found;
RSLA\BIBL\0000291769 ; http://www.vladmuseum.ru/files/katalog/41.pdf ;0; HTTP/1.0 404 Not Found;
RSLA\BIBL\0000291770 ; http://www.vladmuseum.ru/files/katalog/44.pdf ;0; HTTP/1.0 404 Not Found;
RSLA\BIBL\0000291772 ; http://www.vladmuseum.ru/files/katalog/68.pdf ;0; HTTP/1.0 404 Not Found;
RSLA\BIBL\0000291773 ; http://www.vladmuseum.ru/files/katalog/89.pdf ;0; HTTP/1.0 404 Not Found;
RSLA\BIBL\0000291774 ; http://www.vladmuseum.ru/files/katalog/90.pdf ;0; HTTP/1.0 404 Not Found;
RSLA\BIBL\0000291777 ; http://www.vladmuseum.ru/files/katalog/43.pdf ;0; HTTP/1.0 404 Not Found;
RSLA\BIBL\0000291778 ; http://www.vladmuseum.ru/files/katalog/58.pdf ;0; HTTP/1.0 404 Not Found;
RSLA\BIBL\0000292418 ; http://www.vladmuseum.ru/files/katalog/88.pdf ;0; HTTP/1.0 404 Not Found;
RSLA\BIBL\0000292421 ; http://www.vladmuseum.ru/files/katalog/87.pdf ;0; HTTP/1.0 404 Not Found;
RSLA\BIBL\0000293090 ; http://www.vladmuseum.ru/files/katalog/91.pdf ;0; HTTP/1.0 404 Not Found;
RSLA\BIBL\0000293098 ; http://www.vladmuseum.ru/files/katalog/92.pdf ;0; HTTP/1.0 404 Not Found;
RSLA\BIBL\0000293221 ; http://www.newspeterbrook.com/ ;1; HTTP/1.0 200 OK;
RSLA\BIBL\0000293226 ; http://www.lacma.org/reading-room ;1; HTTP/1.1 200 OK;
RSLA\BIBL\0000293394 ; http://www.russianresources.lt/archive/ ;1; HTTP/1.1 200 OK;
RSLA\BIBL\0000293457 ; http://mediamusic-journal.com/ ;1; HTTP/1.1 200 OK;
RSLA\BIBL\0000293463 ; http://ohrangos.ru/ ;0; HTTP/1.1 301 Moved Permanently;
RSLA\BIBL\0000294107 ; http://www.cr-journal.ru/ ;1; HTTP/1.1 200 OK;
RSLA\BIBL\0000294109 ; http://nasledie-journal.ru/ ;1; HTTP/1.1 200 OK;
RSLA\BIBL\0000294392 ; http://tarkovskiy.su/ ;1; HTTP/1.1 200 OK;
RSLA\BIBL\0000295345 ; http://www.vladmuseum.ru/files/katalog/17.pdf ;0; HTTP/1.0 404 Not Found;
RSLA\BIBL\0000295350 ; http://www.vladmuseum.ru/files/katalog/18.pdf ;0; HTTP/1.0 404 Not Found;
RSLA\BIBL\0000295354 ; http://www.vladmuseum.ru/files/katalog/19.pdf ;0; HTTP/1.0 404 Not Found;
RSLA\BIBL\0000295373 ; http://www.vladmuseum.ru/files/katalog/20.pdf ;0; HTTP/1.0 404 Not Found;
RSLA\BIBL\0000295377 ; http://www.vladmuseum.ru/files/katalog/22.pdf ;0; HTTP/1.0 404 Not Found;
RSLA\BIBL\0000297229 ; http://tikhomirovfond.com ;0; HTTP/1.1 302 Found;
RSLA\BIBL\0000297244 ; http://sophia-vologda.ru/ ;0; ;
RSLA\BIBL\0000297429 ; http://sibnasledie.omsu.ru/ ;1; HTTP/1.1 200 OK;
RSLA\BIBL\0000297440 ; http://kunstkamera.ru/ ;1; HTTP/1.1 200 Ok;
RSLA\BIBL\0000297627 ; http://uniforma-army.ru/ ;1; HTTP/1.1 200 OK;
RSLA\BIBL\0000297632 ; http://medalirus.ru/ ;1; HTTP/1.1 200 OK;
RSLA\BIBL\0000297673 ; http://army.armor.kiev.ua/forma/index.shtml ;1; HTTP/1.1 200 OK;
RSLA\BIBL\0000297696 ; http://mart-museum.ru/ ;1; HTTP/1.1 200 OK;
RSLA\BIBL\0000297719 ; http://pkonchalovsky.com ;1; HTTP/1.1 200 OK;
RSLA\BIBL\0000297722 ; http://vulokh.ru/ ;1; HTTP/1.1 200 OK;
RSLA\BIBL\0000298056 ; http://archive.org/stream/degenerateartfa00barr/degenerateartfa00barr#page/n0/mode/2up ;1; HTTP/1.1 200 OK;
RSLA\BIBL\0000298139 ; http://archive.org/stream/germanexpression00barr/germanexpression00barr#page/n0/mode/2up ;1; HTTP/1.1 200 OK;
RSLA\BIBL\0000298686 ; http://www.lacma.org/ ;1; HTTP/1.1 200 OK;
RSLA\BIBL\0000300080 ; http://rosphoto.org/ru/ ;0; HTTP/1.1 301 Moved Permanently;
RSLA\BIBL\0000300375 ; http://dpio.ru/ ;1; HTTP/1.1 200 OK;
RSLA\BIBL\0000300387 ; http://www.tg-m.ru/ ;1; HTTP/1.1 200 OK;
RSLA\BIBL\0000300408 ; http://voprosi-muzeologii.spbu.ru/ru ;1; HTTP/1.1 200 OK;
RSLA\BIBL\0000300415 ; http://museumstudy.ru/ ;1; HTTP/1.1 200 OK;
RSLA\BIBL\0000300464 ; http://museum.philosophy.spbu.ru/upload/userfiles/files/141067r.pdf ;1; HTTP/1.1 200 OK;
RSLA\BIBL\0000300480 ; http://www.icom-russia.com/ ;1; HTTP/1.1 200 OK;
RSLA\BIBL\0000300615 ; http://inslav.ru/page/sovetskoe-slavyanovedenie-polnaya-podshivka-nomerov-1965-1992-gody ;1; HTTP/1.1 200 OK;
RSLA\BIBL\0000300746 ; http://inslav.ru/page/slavyanovedenie-podshivka-nomerov-1992-2012-gody ;1; HTTP/1.1 200 OK;
RSLA\BIBL\0000301542 ; http://www.karaev.net/ ;1; HTTP/1.1 200 OK;
RSLA\BIBL\0000301552 ; http://www.boris-tchaikovsky.com/r_frame.htm ;1; HTTP/1.1 200 OK;
RSLA\BIBL\0000301565 ; http://www.canto.ru/ ;1; HTTP/1.1 200 OK;
RSLA\BIBL\0000301621 ; http://www.culturemap.ru/ ;0; ;
RSLA\BIBL\0000301633 ; http://www.slovoart.ru/ ;1; HTTP/1.1 200 OK;
RSLA\BIBL\0000301891 ; http://archive.org/stream/expressionistuto00bens/expressionistuto00bens#page/n0/mode/2up ;1; HTTP/1.1 200 OK;
RSLA\BIBL\0000302262 ; http://www.antikritika.ru/ ;0; ;
RSLA\BIBL\0000302265 ; http://www.kunstkamera.ru/kunst-catalogue/index.seam?c=BUDDA&page=1 ;1; HTTP/1.1 200 OK;
RSLA\BIBL\0000302278 ; http://www.kunstkamera.ru/kunst-catalogue/project/project-about.seam?c=POSTCARD ;1; HTTP/1.1 200 OK;
RSLA\BIBL\0000302293 ; http://www.kunstkamera.ru/kunst-catalogue/index.seam?c=ARTS&page=1 ;1; HTTP/1.1 200 OK;
RSLA\BIBL\0000303491 ; http://actual-art.spbu.ru/ ;1; HTTP/1.1 200 OK;
RSLA\BIBL\0000303493 ; http://theater.musiccritics.ru/ ;1; HTTP/1.1 200 OK;
RSLA\BIBL\0000303507 ; http://moscow.musiccritics.ru/ ;1; HTTP/1.1 200 OK;
RSLA\BIBL\0000303511 ; http://moscow.musiccritics.ru/ ;1; HTTP/1.1 200 OK;
RSLA\BIBL\0000303521 ; http://www.music-competitions.ru/ ;1; HTTP/1.1 200 OK;
RSLA\BIBL\0000303534 ; http://www.nlr.ru/ ;1; HTTP/1.1 200 OK;
RSLA\BIBL\0000303927 ; http://contemporary-artists.ru ;1; HTTP/1.1 200 OK;
RSLA\BIBL\0000304730 ; http://www.vocidellopera.com/ ;1; HTTP/1.1 200 OK;
RSLA\BIBL\0000305307 ; http://www.conceptualism-moscow.org/ ;1; HTTP/1.1 200 OK;
RSLA\BIBL\0000305470 ; garagemca.org ;0; ;
RSLA\BIBL\0000305760 ; http://imti.sias.ru/ ;1; HTTP/1.1 200 OK;
RSLA\BIBL\0000305774 ; http://www.gnesin-academy.ru/vestnikram/page.php?ID=1 ;1; HTTP/1.1 200 OK;
RSLA\BIBL\0000306162 ; http://izo-museum.ru/upload/files/abzgildin.pdf ;1; HTTP/1.1 200 OK;
RSLA\BIBL\0000306168 ; http://izo-museum.ru/izdaniya ;1; HTTP/1.1 200 OK;
RSLA\BIBL\0000306198 ; http://inslav.ru/ukazatel-statey-i-materialov-opublikovannyh-v-zhurnale-sovetskoe-slavyanovedenie-v-1965-1969-gg ;1; HTTP/1.1 200 OK;
RSLA\BIBL\0000306368 ; http://izo-museum.ru/izdaniya ;1; HTTP/1.1 200 OK;
RSLA\BIBL\0000306369 ; http://izo-museum.ru/upload/files/mir-iskusstva.pdf ;1; HTTP/1.1 200 OK;
RSLA\BIBL\0000306370 ; http://izo-museum.ru/upload/files/gelms-katalog.pdf ;1; HTTP/1.1 200 OK;
RSLA\BIBL\0000306385 ; http://fm-ok.pro/Photography_and_music/ ;1; HTTP/1.1 200 OK;
RSLA\BIBL\0000306388 ; http://fm-ok.pro/Spravochnik_Popova_tom_1/index.html ;1; HTTP/1.1 200 OK;
RSLA\BIBL\0000306408 ; http://museumart.ru/ ;1; HTTP/1.1 200 OK;
RSLA\BIBL\0000306675 ; http://www.museumart.ru/archeolog/ ;1; HTTP/1.1 200 OK;
RSLA\BIBL\0000306676 ; http://www.museumart.ru/photo/ ;1; HTTP/1.1 200 OK;
RSLA\BIBL\0000306677 ; http://www.museumart.ru/art/ ;1; HTTP/1.1 200 OK;
RSLA\BIBL\0000306692 ; http://imti.sias.ru/vipousk1-2/ ;1; HTTP/1.1 200 OK;
RSLA\BIBL\0000306781 ; http://www.rusimp.su/ru ;1; HTTP/1.1 200 OK;
RSLA\BIBL\0000306793 ; http://www.mmoma.ru/ ;1; HTTP/1.1 200 Ok;
RSLA\BIBL\0000306803 ; http://www.contemporaries.mmoma.ru/ ;1; HTTP/1.1 200 OK;
RSLA\BIBL\0000306894 ; http://www.mmoma.ru/school/about/ ;1; HTTP/1.1 200 Ok;
RSLA\BIBL\0000306896 ; http://www.mmoma.ru/catalogs/techne/ ;1; HTTP/1.1 200 OK;
RSLA\BIBL\0000306899 ; http://www.mmoma.ru/publication/ecatalogs/timofej_parwikov_figury_intuicii/ ;1; HTTP/1.1 200 Ok;
RSLA\BIBL\0000309138 ; http://archidays.ru/ ;1; HTTP/1.1 200 OK;
RSLA\BIBL\0000309150 ; http://artmuseumtomsk.ru/page/137 ;1; HTTP/1.1 200 OK;
RSLA\BIBL\0000309157 ; http://artmuseumtomsk.ru/page/62 ;1; HTTP/1.1 200 OK;
RSLA\BIBL\0000309171 ; http://artmuseumtomsk.ru/page/64 ;1; HTTP/1.1 200 OK;
RSLA\BIBL\0000309523 ; http://animatograf.ru/ ;0; ;
RSLA\BIBL\0000309540 ; http://www.cinefantomclub.ru/ ;1; HTTP/1.1 200 OK;
RSLA\BIBL\0000309564 ; http://www.cinefantomclub.ru/arkhiv-gazet.html ;1; HTTP/1.1 200 OK;
RSLA\BIBL\0000309571 ; http://www.kreml.ru/research/library/muzei-moskovskogo-kremlya-materialy-i-issledovaniya/ ;0; HTTP/1.1 500 Internal Server Error;
RSLA\BIBL\0000309577 ; http://ramtograf.ru/ ;1; HTTP/1.1 200 OK;
RSLA\BIBL\0000312925 ; http://www.bildindex.de/ ;0; ;
RSLA\BIBL\0000313176 ; http://www.25-k.com/ ;1; HTTP/1.1 200 OK;
RSLA\BIBL\0000313177 ; http://thr.ru/ ;1; HTTP/1.1 200 OK;
RSLA\BIBL\0000313178 ; http://kinoart.ru/ ;1; HTTP/1.1 200 OK;
RSLA\BIBL\0000313179 ; http://www.cineticle.com/ ;1; HTTP/1.1 200 OK;
RSLA\BIBL\0000314320 ; http://www.lamanova.com/ ;1; HTTP/1.0 200 OK;
RSLA\BIBL\0000314321 ; http://musicseasons.org/ ;0; ;
RSLA\BIBL\0000314324 ; http://sias.ru/publications/magazines/kultura/ ;1; HTTP/1.1 200 OK;
RSLA\BIBL\0000314347 ; http://sibmuseum.ru/page/catalog.html ;1; HTTP/1.1 200 OK;
RSLA\BIBL\0000314349 ; http://sibmuseum.ru/page/catalog.html ;1; HTTP/1.1 200 OK;
RSLA\BIBL\0000314414 ; altlib.ru/kollekczii-elektronnoj-bibilotekt/zhurnal-kultura-altayskogo-kraya/ ;0; ;
RSLA\BIBL\0000314447 ; http://komedianty.com/ ;1; HTTP/1.1 200 OK;
RSLA\BIBL\0000314472 ; http://journal.komedianty.com/ ;1; HTTP/1.1 200 OK;
RSLA\BIBL\0000314476 ; https://stonecarvers.ru/ ;0; ;
RSLA\BIBL\0000315170 ; http://www.nofixedpoints.com/ ;1; HTTP/1.1 200 OK;
RSLA\BIBL\0000315184 ; http://www.teatral-online.ru/ ;1; HTTP/1.1 200 OK;
RSLA\BIBL\0000315257 ; http://www.teatral-online.ru/star/ ;1; HTTP/1.1 200 OK;
RSLA\BIBL\0000315274 ; http://muzobozrenie.ru/ ;1; HTTP/1.1 200 OK;
RSLA\BIBL\0000315280 ; http://www.classicalmusicnews.ru/ ;1; HTTP/1.1 200 OK;
RSLA\BIBL\0000315287 ; http://www.v-ivanov.it/ ;1; HTTP/1.1 200 OK;
RSLA\BIBL\0000317412 ; https://www.serebriakova.ru/ ;0; ;
RSLA\BIBL\0000317413 ; http://www.bunin-rgali.ru/ ;1; HTTP/1.1 200 OK;
RSLA\BIBL\0000317418 ; http://www.akhmatova-rgali.ru/ ;1; HTTP/1.1 200 OK;
RSLA\BIBL\0000317426 ; http://www.rgali.ru/kino#! ;1; HTTP/1.1 200 OK;
RSLA\BIBL\0000317454 ; http://www.meyerhold-rgali.ru/ ;1; HTTP/1.1 200 OK;
RSLA\BIBL\0000317473 ; http://www.rgali.ru/search/base?sPs%5B7%5D.dV=216165326&sPs%5B7%5D.tV=Художники+театра&lc=ru#! ;1; HTTP/1.1 200 OK;
RSLA\BIBL\0000317498 ; http://www.rgali.ru/search/base?sPs%5B7%5D.dV=233877936&sPs%5B7%5D.tV=Плакат&lc=ru#!page:1/o:133052545/p:1 ;1; HTTP/1.1 200 OK;
RSLA\BIBL\0000317499 ; http://www.rgali.ru/search/base?sPs%5B7%5D.dV=233877936&sPs%5B7%5D.tV=Плакат&lc=ru#!page:1/o:133052545/p:1 ;1; HTTP/1.1 200 OK;
RSLA\BIBL\0000317811 ; http://www.bosporuscrypt.ru ;1; HTTP/1.1 200 OK;
RSLA\BIBL\0000317823 ; http://barocpraxis.arts.spbu.ru/ ;1; HTTP/1.1 200 OK;
RSLA\BIBL\0000317833 ; http://www.media-nsglinka.ru/ ;1; HTTP/1.1 200 OK;
RSLA\BIBL\0000317847 ; http://folkmanystringedinstruments.spbu.ru/ ;1; HTTP/1.1 200 OK;
RSLA\BIBL\0000317859 ; http://modfrancelit.ru/ ;1; HTTP/1.1 200 OK;
RSLA\BIBL\0000317866 ; http://www.litdefrance.ru/ ;1; HTTP/1.1 200 OK;
RSLA\BIBL\0000317900 ; https://jephtha010.nethouse.ru/ ;0; ;
RSLA\BIBL\0000317908 ; http://www.niitiag.ru/pub/pub_cat/khronika_arkhitekturno_gradostroitelnogo_protsessa_v_sssr_poslevoennogo_perioda ;1; HTTP/1.1 200 OK;
RSLA\BIBL\0000320692 ; https://www.shalamov.ru/ ;0; ;
RSLA\BIBL\0000320695 ; http://litnasledstvo.ru/ ;1; HTTP/1.1 200 OK;
RSLA\BIBL\0000320710 ; http://modernista.moscow/ ;1; HTTP/1.1 200 OK;
RSLA\BIBL\0000320723 ; http://biblio.imli.ru/images/abook/Ukazateli/periodika-po-literature-iskusstvu-1917-1932-1933.pdf ;1; HTTP/1.1 200 OK;
RSLA\BIBL\0000323459 ; http://www.bolshoi.ru/about/press/articles/newspaper/ ;0; ;
RSLA\BIBL\0000323460 ; http://www.inieberega.ru/node ;1; HTTP/1.1 200 OK;
RSLA\BIBL\0000323477 ; http://кихм.рф ;0; ;
RSLA\BIBL\0000323554 ; http://cadence.tilda.ws/ ;1; HTTP/1.1 200 OK;
RSLA\BIBL\0000323556 ; http://artguide.com/ ;1; HTTP/1.1 200 OK;
RSLA\BIBL\0000323570 ; http://www.nereditsa.ru/ ;1; HTTP/1.1 200 OK;
RSLA\BIBL\0000323581 ; http://sias.ru/publications/magazines/ ;1; HTTP/1.1 200 OK;
RSLA\BIBL\0000323586 ; http://sias.ru/publications/magazines/ ;1; HTTP/1.1 200 OK;
RSLA\BIBL\0000323587 ; http://museum.roerich.com/ ;1; HTTP/1.1 200 OK;
RSLA\BIBL\0000323643 ; http://rusrealart.ru/ ;1; HTTP/1.1 200 OK;
RSLA\BIBL\0000325010 ; http://in-art.ru/ ;0; ;
RSLA\BIBL\0000325011 ; http://artandyou.ru/ ;1; HTTP/1.1 200 OK;
RSLA\BIBL\0000325012 ; http://ov-ov.com/ ;1; HTTP/1.1 200 OK;
RSLA\BIBL\0000325035 ; http://www.protanec.com/ ;1; HTTP/1.1 200 OK;
RSLA\BIBL\0000325047 ; http://www.chukfamily.ru/ ;1; HTTP/1.1 200 OK;
RSLA\BIBL\0000325155 ; http://moscowartmagazine.com/ ;1; HTTP/1.1 200 OK;
RSLA\BIBL\0000325166 ; http://www.timurnovikov.ru/ ;1; HTTP/1.1 200 OK;
RSLA\BIBL\0000325174 ; http://stenograme.ru/ ;1; HTTP/1.1 200 OK;
RSLA\BIBL\0000325209 ; http://sovremennoe-iskusstvo.ru/ ;1; HTTP/1.0 200 OK;
RSLA\BIBL\0000325229 ; https://theblueprint.ru/ ;0; ;
RSLA\BIBL\0000325237 ; http://www.interior.ru/ ;1; HTTP/1.1 200 OK;
RSLA\BIBL\0000325244 ; http://artuzel.com/ ;1; HTTP/1.1 200 OK;
RSLA\BIBL\0000325290 ; http://www.asseeva.it/ru/wp-content/uploads/2012/01/dis.pdf ;1; HTTP/1.1 200 OK;
RSLA\BIBL\0000325314 ; https://chapaev.media/ ;0; ;
RSLA\BIBL\0000325319 ; http://www.archplatforma.ru/ ;1; HTTP/1.1 200 OK;
RSLA\BIBL\0000328396 ; http://www.mediascope.ru/ ;1; HTTP/1.1 200 OK;
RSLA\BIBL\0000328423 ; http://7universum.com/ru/philology ;1; HTTP/1.1 200 OK;
RSLA\BIBL\0000328424 ; https://cyberleninka.ru/ ;0; ;
RSLA\BIBL\0000328448 ; https://elibrary.ru ;0; ;
RSLA\BIBL\0000328620 ; http://vmusee.ru/ ;1; HTTP/1.1 200 OK;
RSLA\BIBL\0000328621 ; http://www.strelka.com/ ;0; HTTP/1.1 301 Moved Permanently;
RSLA\BIBL\0000328624 ; http://cyland.org/lab/ru/ ;1; HTTP/1.1 200 OK;
RSLA\BIBL\0000328628 ; http://www.proarte.ru/ ;1; HTTP/1.1 200 OK;
RSLA\BIBL\0000328648 ; http://icamoscow.ru/ru/ ;1; HTTP/1.1 200 OK;
RSLA\BIBL\0000328650 ; http://bazaeducation.ru/ ;1; HTTP/1.1 200 OK;
RSLA\BIBL\0000328652 ; http://rusavangard.ru/ ;1; HTTP/1.1 200 OK;
RSLA\BIBL\0000329733 ; http://osmopolis.ru/ ;1; HTTP/1.1 200 OK;
RSLA\BIBL\0000329737 ; http://www.archpeter.ru/ ;1; HTTP/1.1 200 OK;
RSLA\BIBL\0000329770 ; http://www.rgisi.ru/teatron/ ;1; HTTP/1.1 200 OK;
RSLA\BIBL\0000329862 ; http://ruabstract.com/ru ;1; HTTP/1.1 200 OK;
RSLA\BIBL\0000332099 ; http://www.ncmodernist.org/library.htm ;1; HTTP/1.1 200 OK;
RSLA\BIBL\0000332100 ; http://www.ncmodernist.org/architects.html ;1; HTTP/1.1 200 OK;
RSLA\BIBL\0000332133 ; http://artdiscovery.net/ ;0; HTTP/1.1 403 Forbidden;
RSLA\BIBL\0000332191 ; http://icons.pstgu.ru/ ;1; HTTP/1.1 200 OK;
RSLA\BIBL\0000332211 ; http://www.pravenc.ru/ ;1; HTTP/1.1 200 OK;
RSLA\BIBL\0000332239 ; http://www.museum.ru/rme/ ;1; HTTP/1.1 200 OK;
RSLA\BIBL\0000332249 ; http://sdrc.lib.uiowa.edu/dada/ ;1; HTTP/1.1 200 OK;
RSLA\BIBL\0000332251 ; https://images.google.ru/ ;0; ;
RSLA\BIBL\0000332252 ; https://yandex.ru/support/images/index.html ;0; ;
RSLA\BIBL\0000332255 ; https://scholar.google.ru/ ;0; ;
RSLA\BIBL\0000332266 ; http://www.art-sobor.ru/ ;1; HTTP/1.1 200 OK;
RSLA\BIBL\0000332273 ; http://rusico.indrik.ru/ ;1; HTTP/1.1 200 OK;
RSLA\BIBL\0000332323 ; https://ima.princeton.edu/ ;0; ;
RSLA\BIBL\0000332335 ; http://primo.getty.edu/primo_library/libweb/action/search.do?vid=BHA ;1; HTTP/1.1 200 OK;
RSLA\BIBL\0000332361 ; http://portal.getty.edu/ ;1; HTTP/1.1 200 OK;
RSLA\BIBL\0000336349 ; http://elib.nplu.org/index.html ;1; HTTP/1.1 200 OK;
RSLA\BIBL\0000336366 ; http://the-stage.ru/ ;1; HTTP/1.1 200 OK;
RSLA\BIBL\0000336380 ; http://www.gitis.net/almanakh ;1; HTTP/1.1 200 OK;
RSLA\BIBL\0000336392 ; https://russiainphoto.ru/ ;0; ;
RSLA\BIBL\0000336498 ; http://uartlib.org/ ;1; HTTP/1.0 200 OK;
RSLA\BIBL\0000336866 ; http://ateatr.sptl.spb.ru/fokin/ ;1; HTTP/1.1 200 OK;
RSLA\BIBL\0000336867 ; http://ateatr.sptl.spb.ru/tp/ ;1; HTTP/1.1 200 OK;
RSLA\BIBL\0000336874 ; https://kinodramaturg.ru/ ;0; ;
RSLA\BIBL\0000336888 ; http://totalarch.com/ ;1; HTTP/1.1 200 OK;
RSLA\BIBL\0000336892 ; http://corbusier.totalarch.com/ ;1; HTTP/1.1 200 OK;
RSLA\BIBL\0000336900 ; http://books.totalarch.com/ ;1; HTTP/1.1 200 OK;
RSLA\BIBL\0000336901 ; http://totalarch.com/projects_concepts ;1; HTTP/1.1 200 OK;
RSLA\BIBL\0000336902 ; http://nsk.novosibdom.ru/ ;1; HTTP/1.1 200 OK;
RSLA\BIBL\0000336916 ; http://rksorokinctr.org/images/books/Vim.pdf ;1; HTTP/1.1 200 OK;
RSLA\BIBL\0000339529 ; http://ivan-nikitin.ru/ ;1; HTTP/1.1 200 OK;
RSLA\BIBL\0000339530 ; http://lyudmilaivonina.ru/ ;1; HTTP/1.1 200 OK;
RSLA\BIBL\0000339535 ; http://russianchange.narod.ru/ ;1; HTTP/1.1 200 OK;
RSLA\BIBL\0000339541 ; http://www.archaeology.ru/ ;1; HTTP/1.1 200 OK;
RSLA\BIBL\0000339546 ; http://museum.mmc.nsu.ru/ ;1; HTTP/1.1 200 OK;
RSLA\BIBL\0000339549 ; http://mmedia.nsu.ru/anbook/ ;1; HTTP/1.1 200 OK;
RSLA\BIBL\0000339569 ; http://fondlubimova.com/ ;1; HTTP/1.1 200 OK;
RSLA\BIBL\0000339582 ; http://annales.info/sbo/contens/__ermitag.htm ;1; HTTP/1.1 200 OK;
RSLA\BIBL\0000339593 ; http://library.mxat.ru/books/ ;0; ;
RSLA\BIBL\0000339627 ; https://www.architecture.com/image-library/ ;0; ;
RSLA\BIBL\0000339689 ; http://histories.artmnt.ru/ ;1; HTTP/1.1 200 OK;
RSLA\BIBL\0000341289 ; http://www.persee.fr/ ;1; HTTP/1.1 200 OK;
RSLA\BIBL\0000341294 ; https://doaj.org/ ;0; ;
RSLA\BIBL\0000341313 ; http://www.openedition.org/ ;1; HTTP/1.1 200 OK;
RSLA\BIBL\0000341321 ; http://www.oapen.org/home ;1; HTTP/1.1 200 OK;
RSLA\BIBL\0000341342 ; https://www.base-search.net/ ;0; ;
RSLA\BIBL\0000341358 ; http://www.ndltd.org/ ;1; HTTP/1.0 200 OK;
RSLA\BIBL\0000341370 ; https://oatd.org/ ;0; ;
RSLA\BIBL\0000342967 ; http://www.nlr.ru/ ;1; HTTP/1.1 200 OK;
RSLA\BIBL\0000342969 ; https://stereoscop.ru/ ;0; ;
RSLA\BIBL\0000342971 ; http://elib.shpl.ru/ru/indexes/values/10040 ;1; HTTP/1.1 200 OK;
RSLA\BIBL\0000343487 ; http://www.kreml.ru/research/library000wa/muzei-moskovskogo-kremlya-materialy-i-issledovaniya/ ;0; HTTP/1.1 500 Internal Server Error;
RSLA\BIBL\0000343521 ; https://www.prlib.ru/collections/467061 ;0; ;
RSLA\BIBL\0000343522 ; https://www.prlib.ru/collections/685561 ;0; ;
RSLA\BIBL\0000343523 ; https://www.loc.gov/collections/prokudin-gorskii ;0; ;
RSLA\BIBL\0000343524 ; https://www.loc.gov/collections/bronislava-nijinska/ ;0; ;
RSLA\BIBL\0000343756 ; http://inion.ru/index6.php ;1; HTTP/1.1 200 OK;
RSLA\BIBL\0000343760 ; http://www.taneevlibrary.ru/muzresursy/bu-muzyka/?clear_cache=Y ;1; HTTP/1.1 200 OK;
RSLA\BIBL\0000343895 ; https://www.loc.gov/collections/martha-graham/ ;0; ;
RSLA\BIBL\0000343904 ; http://www.dspl.ru/eLib/Pages/Collections/details.aspx?id=112 ;0; HTTP/1.1 500 Internal Server Error;
RSLA\BIBL\0000344055 ; http://gallica.bnf.fr/ark:/12148/cb343833568/date ;1; HTTP/1.1 200 OK;
RSLA\BIBL\0000344056 ; http://gallica.bnf.fr/html/und/presse-et-revues/presse-de-mode ;1; HTTP/1.1 200 OK;
RSLA\BIBL\0000345184 ; http://www.dspl.ru/elib/Pages/Collections/details.aspx?id=114 ;0; HTTP/1.1 500 Internal Server Error;
RSLA\BIBL\0000345187 ; http://www.dspl.ru/elib/Pages/Collections/details.aspx?id=111 ;0; HTTP/1.1 500 Internal Server Error;
RSLA\BIBL\0000345191 ; http://www.dspl.ru/elib/main.aspx?111 ;0; HTTP/1.1 500 Internal Server Error;
RSLA\BIBL\0000345226 ; http://gallica.bnf.fr/html/und/images/paris-en-images ;1; HTTP/1.1 200 OK;
RSLA\BIBL\0000346878 ; http://www.gosniir.ru/library.aspx ;1; HTTP/1.1 200 OK;
RSLA\BIBL\0000346881 ; http://www.gosniir.ru/library.aspx ;1; HTTP/1.1 200 OK;
RSLA\BIBL\0000346887 ; http://www.gosniir.ru/library/conferences.aspx ;1; HTTP/1.1 200 OK;
RSLA\BIBL\0000346894 ; http://www.gosniir.ru/library/conferences.aspx ;1; HTTP/1.1 200 OK;
RSLA\BIBL\0000347808 ; http://school-raikin.com/ ;1; HTTP/1.1 200 OK;
RSLA\BIBL\0000347814 ; http://roomfor.ru/ ;1; HTTP/1.1 200 OK;
RSLA\BIBL\0000347835 ; http://dozado.ru/ ;1; HTTP/1.1 200 OK;
RSLA\BIBL\0000347862 ; http://www.dance.ru/ ;1; HTTP/1.1 200 OK;
RSLA\BIBL\0000347867 ; http://cultureinthecity.ru/ ;1; HTTP/1.1 200 OK;
RSLA\BIBL\0000347880 ; http://britishdesign.ru/ ;1; HTTP/1.1 200 OK;
RSLA\BIBL\0000350726 ; https://russianartarchive.net/ru ;0; ;
RSLA\BIBL\0000350729 ; http://www.russikona.ru/index.php ;1; HTTP/1.1 200 OK;
RSLA\BIBL\0000350753 ; http://www.svoykrug.com/index.html ;1; HTTP/1.1 200 OK;
RSLA\BIBL\0000350791 ; http://archive.bolshoi.ru/ ;1; HTTP/1.1 200 ;
RSLA\BIBL\0000350792 ; http://art-and-houses.ru/ ;1; HTTP/1.1 200 OK;
